-- CLIENTE
INSERT INTO CLIENTE (CPF, NOME) VALUES ('12345678901', 'Ana Silva');
INSERT INTO CLIENTE (CPF, NOME) VALUES ('23456789012', 'Bruno Costa');
INSERT INTO CLIENTE (CPF, NOME) VALUES ('34567890123', 'Carla Mendes');
INSERT INTO CLIENTE (CPF, NOME) VALUES ('45678901234', 'Daniel Souza');
INSERT INTO CLIENTE (CPF, NOME) VALUES ('56789012345', 'Eduarda Lima');
INSERT INTO CLIENTE (CPF, NOME) VALUES ('67890123456', 'Fábio Teixeira');
INSERT INTO CLIENTE (CPF, NOME) VALUES ('78901234567', 'Gabriela Rocha');
INSERT INTO CLIENTE (CPF, NOME) VALUES ('89012345678', 'Henrique Alves');
INSERT INTO CLIENTE (CPF, NOME) VALUES ('90123456789', 'Isabela Martins');
INSERT INTO CLIENTE (CPF, NOME) VALUES ('01234567890', 'João Pedro');

-- PREDIO
INSERT INTO PREDIO (NOME) VALUES ('Centro Empresarial Alpha');
INSERT INTO PREDIO (NOME) VALUES ('Torre Beta');
INSERT INTO PREDIO (NOME) VALUES ('Edifício Gama');
INSERT INTO PREDIO (NOME) VALUES ('Prédio Delta');
INSERT INTO PREDIO (NOME) VALUES ('Complexo Epsilon');
INSERT INTO PREDIO (NOME) VALUES ('Torre Zeta');
INSERT INTO PREDIO (NOME) VALUES ('Centro Theta');
INSERT INTO PREDIO (NOME) VALUES ('Edifício Iota');
INSERT INTO PREDIO (NOME) VALUES ('Prédio Kappa');
INSERT INTO PREDIO (NOME) VALUES ('Torre Lambda');

-- SALA
INSERT INTO SALA (NUMERO, VALOR_LOCACAO, ID_PREDIO) VALUES (101, 500.00, 1);
INSERT INTO SALA (NUMERO, VALOR_LOCACAO, ID_PREDIO) VALUES (102, 450.00, 1);
INSERT INTO SALA (NUMERO, VALOR_LOCACAO, ID_PREDIO) VALUES (201, 600.00, 2);
INSERT INTO SALA (NUMERO, VALOR_LOCACAO, ID_PREDIO) VALUES (202, 550.00, 2);
INSERT INTO SALA (NUMERO, VALOR_LOCACAO, ID_PREDIO) VALUES (301, 700.00, 3);
INSERT INTO SALA (NUMERO, VALOR_LOCACAO, ID_PREDIO) VALUES (302, 750.00, 3);
INSERT INTO SALA (NUMERO, VALOR_LOCACAO, ID_PREDIO) VALUES (401, 800.00, 4);
INSERT INTO SALA (NUMERO, VALOR_LOCACAO, ID_PREDIO) VALUES (402, 820.00, 4);
INSERT INTO SALA (NUMERO, VALOR_LOCACAO, ID_PREDIO) VALUES (501, 900.00, 5);
INSERT INTO SALA (NUMERO, VALOR_LOCACAO, ID_PREDIO) VALUES (502, 920.00, 5);

-- RESERVAS
INSERT INTO RESERVAS (DATA_ENTRADA, DATA_SAIDA, VALOR_TOTAL, NUMERO, ANDAR, ID_PREDIO, ID_CLIENTE)
VALUES ('2025-05-01', '2025-05-03', 1500.00, 101, 1, 1, 1);
INSERT INTO RESERVAS (DATA_ENTRADA, DATA_SAIDA, VALOR_TOTAL, NUMERO, ANDAR, ID_PREDIO, ID_CLIENTE)
VALUES ('2025-06-10', '2025-06-12', 900.00, 201, 2, 2, 2);
INSERT INTO RESERVAS (DATA_ENTRADA, DATA_SAIDA, VALOR_TOTAL, NUMERO, ANDAR, ID_PREDIO, ID_CLIENTE)
VALUES ('2025-07-15', '2025-07-18', 2100.00, 301, 3, 3, 3);
INSERT INTO RESERVAS (DATA_ENTRADA, DATA_SAIDA, VALOR_TOTAL, NUMERO, ANDAR, ID_PREDIO, ID_CLIENTE)
VALUES ('2025-08-01', '2025-08-03', 1600.00, 401, 4, 4, 4);
INSERT INTO RESERVAS (DATA_ENTRADA, DATA_SAIDA, VALOR_TOTAL, NUMERO, ANDAR, ID_PREDIO, ID_CLIENTE)
VALUES ('2025-09-10', '2025-09-12', 1800.00, 501, 5, 5, 5);
INSERT INTO RESERVAS (DATA_ENTRADA, DATA_SAIDA, VALOR_TOTAL, NUMERO, ANDAR, ID_PREDIO, ID_CLIENTE)
VALUES ('2025-10-05', '2025-10-07', 1350.00, 102, 1, 1, 6);
INSERT INTO RESERVAS (DATA_ENTRADA, DATA_SAIDA, VALOR_TOTAL, NUMERO, ANDAR, ID_PREDIO, ID_CLIENTE)
VALUES ('2025-11-20', '2025-11-23', 1650.00, 202, 2, 2, 7);
INSERT INTO RESERVAS (DATA_ENTRADA, DATA_SAIDA, VALOR_TOTAL, NUMERO, ANDAR, ID_PREDIO, ID_CLIENTE)
VALUES ('2025-12-01', '2025-12-03', 2100.00, 302, 3, 3, 8);
INSERT INTO RESERVAS (DATA_ENTRADA, DATA_SAIDA, VALOR_TOTAL, NUMERO, ANDAR, ID_PREDIO, ID_CLIENTE)
VALUES ('2026-01-10', '2026-01-13', 2460.00, 402, 4, 4, 9);
INSERT INTO RESERVAS (DATA_ENTRADA, DATA_SAIDA, VALOR_TOTAL, NUMERO, ANDAR, ID_PREDIO, ID_CLIENTE)
VALUES ('2026-02-15', '2026-02-17', 1840.00, 502, 5, 5, 10);
